video_path,start,end,label,clip_id
-UbFLKplzbE_000001.mp4,0,10,music,-UbFLKplzbE_000001
-UYmhq3Rjtc_000001.mp4,0,10,chainsaw,-UYmhq3Rjtc_000001
-UfqtS1lsRY_000001.mp4,0,10,mains hum,-UfqtS1lsRY_000001
-VI2IRq17rs_000001.mp4,0,10,sewing machine,-VI2IRq17rs_000001
-UuEBhule84_000001.mp4,0,10,music,-UuEBhule84_000001
-VclCul6FrI_000001.mp4,0,10,music,-VclCul6FrI_000001
-Ub8LKPkhos_000001.mp4,0,10,speech,-Ub8LKPkhos_000001
-UcfsxiD_ns_000001.mp4,0,10,organ,-UcfsxiD_ns_000001
-V7u2HffQAE_000001.mp4,0,10,speech,-V7u2HffQAE_000001
